,date,country,D,H,I,M,S
0,2021-04-01,Afghanistan,0,37,0,0,0
1,2021-04-01,Sweden,0,9,0,0,0
2,2021-04-01,Japan,0,121,0,0,0
3,2021-04-02,Afghanistan,0,28,9,0,0
4,2021-04-02,Sweden,0,7,2,0,0
5,2021-04-02,Japan,0,88,33,0,0
6,2021-04-03,Afghanistan,0,19,18,0,0
7,2021-04-03,Sweden,0,7,2,0,0
8,2021-04-03,Japan,0,58,63,0,0
9,2021-04-04,Afghanistan,0,14,23,0,0
10,2021-04-04,Sweden,0,5,4,0,0
11,2021-04-04,Japan,0,37,84,0,0
12,2021-04-05,Afghanistan,0,11,26,0,0
13,2021-04-05,Sweden,0,4,5,0,0
14,2021-04-05,Japan,0,25,96,0,0
15,2021-04-06,Afghanistan,0,8,20,5,4
16,2021-04-06,Sweden,0,4,3,1,1
17,2021-04-06,Japan,0,20,68,19,14
18,2021-04-07,Afghanistan,0,5,14,9,9
19,2021-04-07,Sweden,0,2,5,1,1
20,2021-04-07,Japan,0,13,45,32,31
21,2021-04-08,Afghanistan,0,5,9,13,10
22,2021-04-08,Sweden,0,2,3,2,2
23,2021-04-08,Japan,0,6,31,44,40
24,2021-04-09,Afghanistan,0,5,6,15,11
25,2021-04-09,Sweden,0,1,3,3,2
26,2021-04-09,Japan,0,3,22,50,46
27,2021-04-10,Afghanistan,0,2,6,16,13
28,2021-04-10,Sweden,0,1,3,3,2
29,2021-04-10,Japan,0,1,19,52,49
30,2021-04-11,Afghanistan,0,1,4,18,14
31,2021-04-11,Sweden,0,1,1,4,3
32,2021-04-11,Japan,0,1,12,53,55
33,2021-04-12,Afghanistan,0,1,4,18,14
34,2021-04-12,Sweden,0,0,2,4,3
35,2021-04-12,Japan,0,1,5,56,59
36,2021-04-13,Afghanistan,0,1,4,18,14
37,2021-04-13,Sweden,0,0,1,4,4
38,2021-04-13,Japan,0,1,2,56,62
39,2021-04-14,Afghanistan,0,1,1,18,17
40,2021-04-14,Sweden,0,0,1,4,4
41,2021-04-14,Japan,0,1,0,57,63
42,2021-04-15,Afghanistan,0,1,0,19,17
43,2021-04-15,Sweden,0,0,1,4,4
44,2021-04-15,Japan,0,0,1,57,63
45,2021-04-16,Afghanistan,0,1,0,19,17
46,2021-04-16,Sweden,0,0,0,5,4
47,2021-04-16,Japan,0,0,1,57,63
48,2021-04-17,Afghanistan,0,1,0,19,17
49,2021-04-17,Sweden,0,0,0,5,4
50,2021-04-17,Japan,0,0,1,57,63
51,2021-04-18,Afghanistan,0,1,0,19,17
52,2021-04-18,Sweden,0,0,0,5,4
53,2021-04-18,Japan,0,0,1,57,63
54,2021-04-19,Afghanistan,0,1,0,19,17
55,2021-04-19,Sweden,0,0,0,5,4
56,2021-04-19,Japan,0,0,0,57,64
57,2021-04-20,Afghanistan,1,0,1,22,13
58,2021-04-20,Sweden,0,0,0,6,3
59,2021-04-20,Japan,4,0,0,67,50
60,2021-04-21,Afghanistan,1,0,1,27,8
61,2021-04-21,Sweden,0,0,0,6,3
62,2021-04-21,Japan,10,0,0,78,33
63,2021-04-22,Afghanistan,2,0,1,27,7
64,2021-04-22,Sweden,0,0,0,7,2
65,2021-04-22,Japan,13,0,0,84,24
66,2021-04-23,Afghanistan,2,0,1,28,6
67,2021-04-23,Sweden,0,0,0,7,2
68,2021-04-23,Japan,16,0,0,87,18
69,2021-04-24,Afghanistan,3,0,0,29,5
70,2021-04-24,Sweden,0,0,0,7,2
71,2021-04-24,Japan,16,0,0,90,15
72,2021-04-25,Afghanistan,3,0,0,30,4
73,2021-04-25,Sweden,0,0,0,8,1
74,2021-04-25,Japan,17,0,0,95,9
75,2021-04-26,Afghanistan,3,0,0,30,4
76,2021-04-26,Sweden,0,0,0,8,1
77,2021-04-26,Japan,17,0,0,99,5
78,2021-04-27,Afghanistan,3,0,0,30,4
79,2021-04-27,Sweden,0,0,0,9,0
80,2021-04-27,Japan,17,0,0,102,2
81,2021-04-28,Afghanistan,3,0,0,33,1
82,2021-04-28,Sweden,0,0,0,9,0
83,2021-04-28,Japan,18,0,0,102,1
84,2021-04-29,Afghanistan,3,0,0,33,1
85,2021-04-29,Sweden,0,0,0,9,0
86,2021-04-29,Japan,18,0,0,102,1
87,2021-04-30,Afghanistan,3,0,0,33,1
88,2021-04-30,Sweden,0,0,0,9,0
89,2021-04-30,Japan,18,0,0,102,1
90,2021-05-01,Afghanistan,3,0,0,33,1
91,2021-05-01,Sweden,0,0,0,9,0
92,2021-05-01,Japan,18,0,0,102,1
93,2021-05-02,Afghanistan,3,0,0,33,1
94,2021-05-02,Sweden,0,0,0,9,0
95,2021-05-02,Japan,18,0,0,102,1
96,2021-05-03,Afghanistan,3,0,0,33,1
97,2021-05-03,Sweden,0,0,0,9,0
98,2021-05-03,Japan,18,0,0,103,0
99,2021-05-04,Afghanistan,3,0,0,33,1
100,2021-05-04,Sweden,0,0,0,9,0
101,2021-05-04,Japan,18,0,0,103,0
102,2021-05-05,Afghanistan,3,0,0,33,1
103,2021-05-05,Sweden,0,0,0,9,0
104,2021-05-05,Japan,18,0,0,103,0
105,2021-05-06,Afghanistan,3,0,0,33,1
106,2021-05-06,Sweden,0,0,0,9,0
107,2021-05-06,Japan,18,0,0,103,0
108,2021-05-07,Afghanistan,3,0,0,33,1
109,2021-05-07,Sweden,0,0,0,9,0
110,2021-05-07,Japan,18,0,0,103,0
111,2021-05-08,Afghanistan,3,0,0,34,0
112,2021-05-08,Sweden,0,0,0,9,0
113,2021-05-08,Japan,18,0,0,103,0
114,2021-05-09,Afghanistan,3,0,0,34,0
115,2021-05-09,Sweden,0,0,0,9,0
116,2021-05-09,Japan,18,0,0,103,0
117,2021-05-10,Afghanistan,3,0,0,34,0
118,2021-05-10,Sweden,0,0,0,9,0
119,2021-05-10,Japan,18,0,0,103,0
120,2021-05-11,Afghanistan,3,0,0,34,0
121,2021-05-11,Sweden,0,0,0,9,0
122,2021-05-11,Japan,18,0,0,103,0
123,2021-05-12,Afghanistan,3,0,0,34,0
124,2021-05-12,Sweden,0,0,0,9,0
125,2021-05-12,Japan,18,0,0,103,0
126,2021-05-13,Afghanistan,3,0,0,34,0
127,2021-05-13,Sweden,0,0,0,9,0
128,2021-05-13,Japan,18,0,0,103,0
129,2021-05-14,Afghanistan,3,0,0,34,0
130,2021-05-14,Sweden,0,0,0,9,0
131,2021-05-14,Japan,18,0,0,103,0
132,2021-05-15,Afghanistan,3,0,0,34,0
133,2021-05-15,Sweden,0,0,0,9,0
134,2021-05-15,Japan,18,0,0,103,0
135,2021-05-16,Afghanistan,3,0,0,34,0
136,2021-05-16,Sweden,0,0,0,9,0
137,2021-05-16,Japan,18,0,0,103,0
138,2021-05-17,Afghanistan,3,0,0,34,0
139,2021-05-17,Sweden,0,0,0,9,0
140,2021-05-17,Japan,18,0,0,103,0
141,2021-05-18,Afghanistan,3,0,0,34,0
142,2021-05-18,Sweden,0,0,0,9,0
143,2021-05-18,Japan,18,0,0,103,0
144,2021-05-19,Afghanistan,3,0,0,34,0
145,2021-05-19,Sweden,0,0,0,9,0
146,2021-05-19,Japan,18,0,0,103,0
147,2021-05-20,Afghanistan,3,0,0,34,0
148,2021-05-20,Sweden,0,0,0,9,0
149,2021-05-20,Japan,18,0,0,103,0
150,2021-05-21,Afghanistan,3,0,0,34,0
151,2021-05-21,Sweden,0,0,0,9,0
152,2021-05-21,Japan,18,0,0,103,0
153,2021-05-22,Afghanistan,3,0,0,34,0
154,2021-05-22,Sweden,0,0,0,9,0
155,2021-05-22,Japan,18,0,0,103,0
156,2021-05-23,Afghanistan,3,0,0,34,0
157,2021-05-23,Sweden,0,0,0,9,0
158,2021-05-23,Japan,18,0,0,103,0
159,2021-05-24,Afghanistan,3,0,0,34,0
160,2021-05-24,Sweden,0,0,0,9,0
161,2021-05-24,Japan,18,0,0,103,0
162,2021-05-25,Afghanistan,3,0,0,34,0
163,2021-05-25,Sweden,0,0,0,9,0
164,2021-05-25,Japan,18,0,0,103,0
165,2021-05-26,Afghanistan,3,0,0,34,0
166,2021-05-26,Sweden,0,0,0,9,0
167,2021-05-26,Japan,18,0,0,103,0
168,2021-05-27,Afghanistan,3,0,0,34,0
169,2021-05-27,Sweden,0,0,0,9,0
170,2021-05-27,Japan,18,0,0,103,0
171,2021-05-28,Afghanistan,3,0,0,34,0
172,2021-05-28,Sweden,0,0,0,9,0
173,2021-05-28,Japan,18,0,0,103,0
174,2021-05-29,Afghanistan,3,0,0,34,0
175,2021-05-29,Sweden,0,0,0,9,0
176,2021-05-29,Japan,18,0,0,103,0
177,2021-05-30,Afghanistan,3,0,0,34,0
178,2021-05-30,Sweden,0,0,0,9,0
179,2021-05-30,Japan,18,0,0,103,0
180,2021-05-31,Afghanistan,3,0,0,34,0
181,2021-05-31,Sweden,0,0,0,9,0
182,2021-05-31,Japan,18,0,0,103,0
183,2021-06-01,Afghanistan,3,0,0,34,0
184,2021-06-01,Sweden,0,0,0,9,0
185,2021-06-01,Japan,18,0,0,103,0
186,2021-06-02,Afghanistan,3,0,0,34,0
187,2021-06-02,Sweden,0,0,0,9,0
188,2021-06-02,Japan,18,0,0,103,0
189,2021-06-03,Afghanistan,3,0,0,34,0
190,2021-06-03,Sweden,0,0,0,9,0
191,2021-06-03,Japan,18,0,0,103,0
192,2021-06-04,Afghanistan,3,0,0,34,0
193,2021-06-04,Sweden,0,0,0,9,0
194,2021-06-04,Japan,18,0,0,103,0
195,2021-06-05,Afghanistan,3,0,0,34,0
196,2021-06-05,Sweden,0,0,0,9,0
197,2021-06-05,Japan,18,0,0,103,0
198,2021-06-06,Afghanistan,3,0,0,34,0
199,2021-06-06,Sweden,0,0,0,9,0
200,2021-06-06,Japan,18,0,0,103,0
201,2021-06-07,Afghanistan,3,0,0,34,0
202,2021-06-07,Sweden,0,0,0,9,0
203,2021-06-07,Japan,18,0,0,103,0
204,2021-06-08,Afghanistan,3,0,0,34,0
205,2021-06-08,Sweden,0,0,0,9,0
206,2021-06-08,Japan,18,0,0,103,0
207,2021-06-09,Afghanistan,3,0,0,34,0
208,2021-06-09,Sweden,0,0,0,9,0
209,2021-06-09,Japan,18,0,0,103,0
210,2021-06-10,Afghanistan,3,0,0,34,0
211,2021-06-10,Sweden,0,0,0,9,0
212,2021-06-10,Japan,18,0,0,103,0
213,2021-06-11,Afghanistan,3,0,0,34,0
214,2021-06-11,Sweden,0,0,0,9,0
215,2021-06-11,Japan,18,0,0,103,0
216,2021-06-12,Afghanistan,3,0,0,34,0
217,2021-06-12,Sweden,0,0,0,9,0
218,2021-06-12,Japan,18,0,0,103,0
219,2021-06-13,Afghanistan,3,0,0,34,0
220,2021-06-13,Sweden,0,0,0,9,0
221,2021-06-13,Japan,18,0,0,103,0
222,2021-06-14,Afghanistan,3,0,0,34,0
223,2021-06-14,Sweden,0,0,0,9,0
224,2021-06-14,Japan,18,0,0,103,0
225,2021-06-15,Afghanistan,3,0,0,34,0
226,2021-06-15,Sweden,0,0,0,9,0
227,2021-06-15,Japan,18,0,0,103,0
228,2021-06-16,Afghanistan,3,0,0,34,0
229,2021-06-16,Sweden,0,0,0,9,0
230,2021-06-16,Japan,18,0,0,103,0
231,2021-06-17,Afghanistan,3,0,0,34,0
232,2021-06-17,Sweden,0,0,0,9,0
233,2021-06-17,Japan,18,0,0,103,0
234,2021-06-18,Afghanistan,3,0,0,34,0
235,2021-06-18,Sweden,0,0,0,9,0
236,2021-06-18,Japan,18,0,0,103,0
237,2021-06-19,Afghanistan,3,0,0,34,0
238,2021-06-19,Sweden,0,0,0,9,0
239,2021-06-19,Japan,18,0,0,103,0
240,2021-06-20,Afghanistan,3,0,0,34,0
241,2021-06-20,Sweden,0,0,0,9,0
242,2021-06-20,Japan,18,0,0,103,0
243,2021-06-21,Afghanistan,3,0,0,34,0
244,2021-06-21,Sweden,0,0,0,9,0
245,2021-06-21,Japan,18,0,0,103,0
246,2021-06-22,Afghanistan,3,0,0,34,0
247,2021-06-22,Sweden,0,0,0,9,0
248,2021-06-22,Japan,18,0,0,103,0
249,2021-06-23,Afghanistan,3,0,0,34,0
250,2021-06-23,Sweden,0,0,0,9,0
251,2021-06-23,Japan,18,0,0,103,0
252,2021-06-24,Afghanistan,3,0,0,34,0
253,2021-06-24,Sweden,0,0,0,9,0
254,2021-06-24,Japan,18,0,0,103,0
255,2021-06-25,Afghanistan,3,0,0,34,0
256,2021-06-25,Sweden,0,0,0,9,0
257,2021-06-25,Japan,18,0,0,103,0
258,2021-06-26,Afghanistan,3,0,0,34,0
259,2021-06-26,Sweden,0,0,0,9,0
260,2021-06-26,Japan,18,0,0,103,0
261,2021-06-27,Afghanistan,3,0,0,34,0
262,2021-06-27,Sweden,0,0,0,9,0
263,2021-06-27,Japan,18,0,0,103,0
264,2021-06-28,Afghanistan,3,0,0,34,0
265,2021-06-28,Sweden,0,0,0,9,0
266,2021-06-28,Japan,18,0,0,103,0
267,2021-06-29,Afghanistan,3,0,0,34,0
268,2021-06-29,Sweden,0,0,0,9,0
269,2021-06-29,Japan,18,0,0,103,0
270,2021-06-30,Afghanistan,3,0,0,34,0
271,2021-06-30,Sweden,0,0,0,9,0
272,2021-06-30,Japan,18,0,0,103,0
273,2021-07-01,Afghanistan,3,0,0,34,0
274,2021-07-01,Sweden,0,0,0,9,0
275,2021-07-01,Japan,18,0,0,103,0
276,2021-07-02,Afghanistan,3,0,0,34,0
277,2021-07-02,Sweden,0,0,0,9,0
278,2021-07-02,Japan,18,0,0,103,0
279,2021-07-03,Afghanistan,3,0,0,34,0
280,2021-07-03,Sweden,0,0,0,9,0
281,2021-07-03,Japan,18,0,0,103,0
282,2021-07-04,Afghanistan,3,0,0,34,0
283,2021-07-04,Sweden,0,0,0,9,0
284,2021-07-04,Japan,18,0,0,103,0
285,2021-07-05,Afghanistan,3,0,0,34,0
286,2021-07-05,Sweden,0,0,0,9,0
287,2021-07-05,Japan,18,0,0,103,0
288,2021-07-06,Afghanistan,3,0,0,34,0
289,2021-07-06,Sweden,0,0,0,9,0
290,2021-07-06,Japan,18,0,0,103,0
291,2021-07-07,Afghanistan,3,0,0,34,0
292,2021-07-07,Sweden,0,0,0,9,0
293,2021-07-07,Japan,18,0,0,103,0
294,2021-07-08,Afghanistan,3,0,0,34,0
295,2021-07-08,Sweden,0,0,0,9,0
296,2021-07-08,Japan,18,0,0,103,0
297,2021-07-09,Afghanistan,3,0,0,34,0
298,2021-07-09,Sweden,0,0,0,9,0
299,2021-07-09,Japan,18,0,0,103,0
300,2021-07-10,Afghanistan,3,0,0,34,0
301,2021-07-10,Sweden,0,0,0,9,0
302,2021-07-10,Japan,18,0,0,103,0
303,2021-07-11,Afghanistan,3,0,0,34,0
304,2021-07-11,Sweden,0,0,0,9,0
305,2021-07-11,Japan,18,0,0,103,0
306,2021-07-12,Afghanistan,3,0,0,34,0
307,2021-07-12,Sweden,0,0,0,9,0
308,2021-07-12,Japan,18,0,0,103,0
309,2021-07-13,Afghanistan,3,0,0,34,0
310,2021-07-13,Sweden,0,0,0,9,0
311,2021-07-13,Japan,18,0,0,103,0
312,2021-07-14,Afghanistan,3,0,0,34,0
313,2021-07-14,Sweden,0,0,0,9,0
314,2021-07-14,Japan,18,0,0,103,0
315,2021-07-15,Afghanistan,3,0,0,34,0
316,2021-07-15,Sweden,0,0,0,9,0
317,2021-07-15,Japan,18,0,0,103,0
318,2021-07-16,Afghanistan,3,0,0,34,0
319,2021-07-16,Sweden,0,0,0,9,0
320,2021-07-16,Japan,18,0,0,103,0
321,2021-07-17,Afghanistan,3,0,0,34,0
322,2021-07-17,Sweden,0,0,0,9,0
323,2021-07-17,Japan,18,0,0,103,0
324,2021-07-18,Afghanistan,3,0,0,34,0
325,2021-07-18,Sweden,0,0,0,9,0
326,2021-07-18,Japan,18,0,0,103,0
327,2021-07-19,Afghanistan,3,0,0,34,0
328,2021-07-19,Sweden,0,0,0,9,0
329,2021-07-19,Japan,18,0,0,103,0
330,2021-07-20,Afghanistan,3,0,0,34,0
331,2021-07-20,Sweden,0,0,0,9,0
332,2021-07-20,Japan,18,0,0,103,0
333,2021-07-21,Afghanistan,3,0,0,34,0
334,2021-07-21,Sweden,0,0,0,9,0
335,2021-07-21,Japan,18,0,0,103,0
336,2021-07-22,Afghanistan,3,0,0,34,0
337,2021-07-22,Sweden,0,0,0,9,0
338,2021-07-22,Japan,18,0,0,103,0
339,2021-07-23,Afghanistan,3,0,0,34,0
340,2021-07-23,Sweden,0,0,0,9,0
341,2021-07-23,Japan,18,0,0,103,0
342,2021-07-24,Afghanistan,3,0,0,34,0
343,2021-07-24,Sweden,0,0,0,9,0
344,2021-07-24,Japan,18,0,0,103,0
345,2021-07-25,Afghanistan,3,0,0,34,0
346,2021-07-25,Sweden,0,0,0,9,0
347,2021-07-25,Japan,18,0,0,103,0
348,2021-07-26,Afghanistan,3,0,0,34,0
349,2021-07-26,Sweden,0,0,0,9,0
350,2021-07-26,Japan,18,0,0,103,0
351,2021-07-27,Afghanistan,3,0,0,34,0
352,2021-07-27,Sweden,0,0,0,9,0
353,2021-07-27,Japan,18,0,0,103,0
354,2021-07-28,Afghanistan,3,0,0,34,0
355,2021-07-28,Sweden,0,0,0,9,0
356,2021-07-28,Japan,18,0,0,103,0
357,2021-07-29,Afghanistan,3,0,0,34,0
358,2021-07-29,Sweden,0,0,0,9,0
359,2021-07-29,Japan,18,0,0,103,0
360,2021-07-30,Afghanistan,3,0,0,34,0
361,2021-07-30,Sweden,0,0,0,9,0
362,2021-07-30,Japan,18,0,0,103,0
363,2021-07-31,Afghanistan,3,0,0,34,0
364,2021-07-31,Sweden,0,0,0,9,0
365,2021-07-31,Japan,18,0,0,103,0
366,2021-08-01,Afghanistan,3,0,0,34,0
367,2021-08-01,Sweden,0,0,0,9,0
368,2021-08-01,Japan,18,0,0,103,0
369,2021-08-02,Afghanistan,3,0,0,34,0
370,2021-08-02,Sweden,0,0,0,9,0
371,2021-08-02,Japan,18,0,0,103,0
372,2021-08-03,Afghanistan,3,0,0,34,0
373,2021-08-03,Sweden,0,0,0,9,0
374,2021-08-03,Japan,18,0,0,103,0
375,2021-08-04,Afghanistan,3,5,0,29,0
376,2021-08-04,Sweden,0,1,0,8,0
377,2021-08-04,Japan,18,19,0,84,0
378,2021-08-05,Afghanistan,3,8,1,25,0
379,2021-08-05,Sweden,0,0,1,8,0
380,2021-08-05,Japan,18,24,8,71,0
381,2021-08-06,Afghanistan,3,10,3,21,0
382,2021-08-06,Sweden,0,1,1,7,0
383,2021-08-06,Japan,18,33,11,59,0
384,2021-08-07,Afghanistan,3,8,7,19,0
385,2021-08-07,Sweden,0,2,1,6,0
386,2021-08-07,Japan,18,32,18,53,0
387,2021-08-08,Afghanistan,3,7,9,18,0
388,2021-08-08,Sweden,0,2,1,6,0
389,2021-08-08,Japan,18,26,26,51,0
390,2021-08-09,Afghanistan,3,7,10,16,1
391,2021-08-09,Sweden,0,3,0,6,0
392,2021-08-09,Japan,18,18,27,54,4
393,2021-08-10,Afghanistan,3,6,9,17,2
394,2021-08-10,Sweden,0,2,1,6,0
395,2021-08-10,Japan,18,16,29,52,6
396,2021-08-11,Afghanistan,3,4,7,18,5
397,2021-08-11,Sweden,0,0,3,6,0
398,2021-08-11,Japan,18,11,27,56,9
399,2021-08-12,Afghanistan,3,2,7,19,6
400,2021-08-12,Sweden,0,0,3,6,0
401,2021-08-12,Japan,18,7,24,58,14
402,2021-08-13,Afghanistan,3,3,5,20,6
403,2021-08-13,Sweden,0,0,3,6,0
404,2021-08-13,Japan,18,7,15,63,18
405,2021-08-14,Afghanistan,3,1,6,21,6
406,2021-08-14,Sweden,0,1,2,6,0
407,2021-08-14,Japan,18,4,13,66,20
408,2021-08-15,Afghanistan,3,0,5,22,7
409,2021-08-15,Sweden,0,1,0,7,1
410,2021-08-15,Japan,18,1,11,68,23
411,2021-08-16,Afghanistan,3,0,3,23,8
412,2021-08-16,Sweden,0,0,1,7,1
413,2021-08-16,Japan,18,1,6,72,24
414,2021-08-17,Afghanistan,3,0,3,23,8
415,2021-08-17,Sweden,0,0,1,7,1
416,2021-08-17,Japan,18,1,6,72,24
417,2021-08-18,Afghanistan,3,3,1,20,10
418,2021-08-18,Sweden,0,1,1,6,1
419,2021-08-18,Japan,18,11,3,64,25
420,2021-08-19,Afghanistan,3,7,1,15,11
421,2021-08-19,Sweden,0,0,2,6,1
422,2021-08-19,Japan,18,19,3,56,25
423,2021-08-20,Afghanistan,3,7,1,15,11
424,2021-08-20,Sweden,0,1,1,6,1
425,2021-08-20,Japan,18,18,10,50,25
426,2021-08-21,Afghanistan,3,5,4,14,11
427,2021-08-21,Sweden,0,0,2,6,1
428,2021-08-21,Japan,18,15,16,47,25
429,2021-08-22,Afghanistan,3,6,4,13,11
430,2021-08-22,Sweden,0,0,2,6,1
431,2021-08-22,Japan,18,12,22,44,25
432,2021-08-23,Afghanistan,3,5,5,13,11
433,2021-08-23,Sweden,0,1,1,6,1
434,2021-08-23,Japan,18,10,26,44,23
435,2021-08-24,Afghanistan,4,4,6,13,10
436,2021-08-24,Sweden,0,1,1,6,1
437,2021-08-24,Japan,19,10,23,43,26
438,2021-08-25,Afghanistan,4,4,3,19,7
439,2021-08-25,Sweden,0,2,0,6,1
440,2021-08-25,Japan,20,11,19,45,26
441,2021-08-26,Afghanistan,5,6,4,16,6
442,2021-08-26,Sweden,0,1,1,6,1
443,2021-08-26,Japan,21,6,18,50,26
444,2021-08-27,Afghanistan,5,2,6,17,7
445,2021-08-27,Sweden,0,1,1,6,1
446,2021-08-27,Japan,23,6,11,55,26
447,2021-08-28,Afghanistan,5,2,5,17,8
448,2021-08-28,Sweden,0,1,1,6,1
449,2021-08-28,Japan,23,6,7,60,25
450,2021-08-29,Afghanistan,5,1,6,18,7
451,2021-08-29,Sweden,1,1,1,6,0
452,2021-08-29,Japan,23,5,6,64,23
453,2021-08-30,Afghanistan,5,1,5,19,7
454,2021-08-30,Sweden,1,1,0,6,1
455,2021-08-30,Japan,23,3,3,68,24
456,2021-08-31,Afghanistan,5,0,2,22,8
457,2021-08-31,Sweden,1,0,1,6,1
458,2021-08-31,Japan,23,2,5,67,24
459,2021-09-01,Afghanistan,5,0,2,24,6
460,2021-09-01,Sweden,1,0,1,6,1
461,2021-09-01,Japan,24,2,5,67,23
462,2021-09-02,Afghanistan,5,0,1,26,5
463,2021-09-02,Sweden,1,0,1,6,1
464,2021-09-02,Japan,24,1,5,67,24
465,2021-09-03,Afghanistan,5,0,1,26,5
466,2021-09-03,Sweden,1,0,1,6,1
467,2021-09-03,Japan,24,1,3,68,25
468,2021-09-04,Afghanistan,5,0,0,26,6
469,2021-09-04,Sweden,1,0,0,6,2
470,2021-09-04,Japan,24,1,1,69,26
471,2021-09-05,Afghanistan,5,1,0,25,6
472,2021-09-05,Sweden,1,0,0,6,2
473,2021-09-05,Japan,24,1,1,69,26
474,2021-09-06,Afghanistan,5,1,0,26,5
475,2021-09-06,Sweden,1,0,0,6,2
476,2021-09-06,Japan,24,1,0,71,25
477,2021-09-07,Afghanistan,5,1,0,26,5
478,2021-09-07,Sweden,1,0,0,6,2
479,2021-09-07,Japan,27,0,1,73,20
480,2021-09-08,Afghanistan,5,1,0,26,5
481,2021-09-08,Sweden,1,0,0,6,2
482,2021-09-08,Japan,28,0,1,75,17
483,2021-09-09,Afghanistan,5,0,1,26,5
484,2021-09-09,Sweden,1,0,0,6,2
485,2021-09-09,Japan,28,0,1,80,12
486,2021-09-10,Afghanistan,5,0,1,27,4
487,2021-09-10,Sweden,1,0,0,6,2
488,2021-09-10,Japan,28,0,1,84,8
489,2021-09-11,Afghanistan,5,0,1,28,3
490,2021-09-11,Sweden,1,0,0,6,2
491,2021-09-11,Japan,29,0,0,84,8
492,2021-09-12,Afghanistan,5,0,1,28,3
493,2021-09-12,Sweden,1,0,0,6,2
494,2021-09-12,Japan,29,0,0,85,7
495,2021-09-13,Afghanistan,5,0,0,30,2
496,2021-09-13,Sweden,1,0,0,7,1
497,2021-09-13,Japan,29,0,0,87,5
498,2021-09-14,Afghanistan,5,0,0,31,1
499,2021-09-14,Sweden,1,0,0,7,1
500,2021-09-14,Japan,29,0,0,87,5
501,2021-09-15,Afghanistan,5,0,0,31,1
502,2021-09-15,Sweden,1,0,0,7,1
503,2021-09-15,Japan,29,0,0,87,5
504,2021-09-16,Afghanistan,5,0,0,31,1
505,2021-09-16,Sweden,1,0,0,7,1
506,2021-09-16,Japan,29,0,0,88,4
507,2021-09-17,Afghanistan,5,0,0,31,1
508,2021-09-17,Sweden,1,0,0,7,1
509,2021-09-17,Japan,29,0,0,89,3
510,2021-09-18,Afghanistan,6,0,0,31,0
511,2021-09-18,Sweden,1,0,0,8,0
512,2021-09-18,Japan,29,0,0,90,2
513,2021-09-19,Afghanistan,6,0,0,31,0
514,2021-09-19,Sweden,1,0,0,8,0
515,2021-09-19,Japan,29,0,0,90,2
516,2021-09-20,Afghanistan,6,0,0,31,0
517,2021-09-20,Sweden,1,0,0,8,0
518,2021-09-20,Japan,29,0,0,91,1
519,2021-09-21,Afghanistan,6,0,0,31,0
520,2021-09-21,Sweden,1,0,0,8,0
521,2021-09-21,Japan,29,0,0,91,1
522,2021-09-22,Afghanistan,6,0,0,31,0
523,2021-09-22,Sweden,1,0,0,8,0
524,2021-09-22,Japan,29,0,0,91,1
525,2021-09-23,Afghanistan,6,0,0,31,0
526,2021-09-23,Sweden,1,0,0,8,0
527,2021-09-23,Japan,29,0,0,91,1
528,2021-09-24,Afghanistan,6,0,0,31,0
529,2021-09-24,Sweden,1,0,0,8,0
530,2021-09-24,Japan,29,0,0,91,1
531,2021-09-25,Afghanistan,6,0,0,31,0
532,2021-09-25,Sweden,1,0,0,8,0
533,2021-09-25,Japan,30,0,0,91,0
534,2021-09-26,Afghanistan,6,0,0,31,0
535,2021-09-26,Sweden,1,0,0,8,0
536,2021-09-26,Japan,30,0,0,91,0
537,2021-09-27,Afghanistan,6,0,0,31,0
538,2021-09-27,Sweden,1,0,0,8,0
539,2021-09-27,Japan,30,0,0,91,0
540,2021-09-28,Afghanistan,6,0,0,31,0
541,2021-09-28,Sweden,1,0,0,8,0
542,2021-09-28,Japan,30,0,0,91,0
543,2021-09-29,Afghanistan,6,0,0,31,0
544,2021-09-29,Sweden,1,0,0,8,0
545,2021-09-29,Japan,30,0,0,91,0
546,2021-09-30,Afghanistan,6,0,0,31,0
547,2021-09-30,Sweden,1,0,0,8,0
548,2021-09-30,Japan,30,0,0,91,0
549,2021-10-01,Afghanistan,6,0,0,31,0
550,2021-10-01,Sweden,1,0,0,8,0
551,2021-10-01,Japan,30,0,0,91,0
552,2021-10-02,Afghanistan,6,0,0,31,0
553,2021-10-02,Sweden,1,0,0,8,0
554,2021-10-02,Japan,30,0,0,91,0
555,2021-10-03,Afghanistan,6,0,0,31,0
556,2021-10-03,Sweden,1,0,0,8,0
557,2021-10-03,Japan,30,0,0,91,0
558,2021-10-04,Afghanistan,6,0,0,31,0
559,2021-10-04,Sweden,1,0,0,8,0
560,2021-10-04,Japan,30,0,0,91,0
561,2021-10-05,Afghanistan,6,0,0,31,0
562,2021-10-05,Sweden,1,0,0,8,0
563,2021-10-05,Japan,30,0,0,91,0
564,2021-10-06,Afghanistan,6,0,0,31,0
565,2021-10-06,Sweden,1,0,0,8,0
566,2021-10-06,Japan,30,0,0,91,0
567,2021-10-07,Afghanistan,6,0,0,31,0
568,2021-10-07,Sweden,1,0,0,8,0
569,2021-10-07,Japan,30,0,0,91,0
570,2021-10-08,Afghanistan,6,0,0,31,0
571,2021-10-08,Sweden,1,0,0,8,0
572,2021-10-08,Japan,30,0,0,91,0
573,2021-10-09,Afghanistan,6,0,0,31,0
574,2021-10-09,Sweden,1,0,0,8,0
575,2021-10-09,Japan,30,0,0,91,0
576,2021-10-10,Afghanistan,6,0,0,31,0
577,2021-10-10,Sweden,1,0,0,8,0
578,2021-10-10,Japan,30,0,0,91,0
579,2021-10-11,Afghanistan,6,0,0,31,0
580,2021-10-11,Sweden,1,0,0,8,0
581,2021-10-11,Japan,30,0,0,91,0
582,2021-10-12,Afghanistan,6,0,0,31,0
583,2021-10-12,Sweden,1,0,0,8,0
584,2021-10-12,Japan,30,0,0,91,0
585,2021-10-13,Afghanistan,6,0,0,31,0
586,2021-10-13,Sweden,1,0,0,8,0
587,2021-10-13,Japan,30,0,0,91,0
588,2021-10-14,Afghanistan,6,0,0,31,0
589,2021-10-14,Sweden,1,0,0,8,0
590,2021-10-14,Japan,30,0,0,91,0
591,2021-10-15,Afghanistan,6,0,0,31,0
592,2021-10-15,Sweden,1,0,0,8,0
593,2021-10-15,Japan,30,0,0,91,0
594,2021-10-16,Afghanistan,6,0,0,31,0
595,2021-10-16,Sweden,1,0,0,8,0
596,2021-10-16,Japan,30,0,0,91,0
597,2021-10-17,Afghanistan,6,0,0,31,0
598,2021-10-17,Sweden,1,0,0,8,0
599,2021-10-17,Japan,30,0,0,91,0
600,2021-10-18,Afghanistan,6,0,0,31,0
601,2021-10-18,Sweden,1,0,0,8,0
602,2021-10-18,Japan,30,0,0,91,0
603,2021-10-19,Afghanistan,6,0,0,31,0
604,2021-10-19,Sweden,1,0,0,8,0
605,2021-10-19,Japan,30,0,0,91,0
606,2021-10-20,Afghanistan,6,0,0,31,0
607,2021-10-20,Sweden,1,0,0,8,0
608,2021-10-20,Japan,30,0,0,91,0
609,2021-10-21,Afghanistan,6,0,0,31,0
610,2021-10-21,Sweden,1,0,0,8,0
611,2021-10-21,Japan,30,0,0,91,0
612,2021-10-22,Afghanistan,6,0,0,31,0
613,2021-10-22,Sweden,1,0,0,8,0
614,2021-10-22,Japan,30,0,0,91,0
615,2021-10-23,Afghanistan,6,0,0,31,0
616,2021-10-23,Sweden,1,0,0,8,0
617,2021-10-23,Japan,30,0,0,91,0
618,2021-10-24,Afghanistan,6,0,0,31,0
619,2021-10-24,Sweden,1,0,0,8,0
620,2021-10-24,Japan,30,0,0,91,0
621,2021-10-25,Afghanistan,6,0,0,31,0
622,2021-10-25,Sweden,1,0,0,8,0
623,2021-10-25,Japan,30,0,0,91,0
624,2021-10-26,Afghanistan,6,0,0,31,0
625,2021-10-26,Sweden,1,0,0,8,0
626,2021-10-26,Japan,30,0,0,91,0
627,2021-10-27,Afghanistan,6,0,0,31,0
628,2021-10-27,Sweden,1,0,0,8,0
629,2021-10-27,Japan,30,0,0,91,0
630,2021-10-28,Afghanistan,6,0,0,31,0
631,2021-10-28,Sweden,1,0,0,8,0
632,2021-10-28,Japan,30,0,0,91,0
633,2021-10-29,Afghanistan,6,0,0,31,0
634,2021-10-29,Sweden,1,0,0,8,0
635,2021-10-29,Japan,30,0,0,91,0
636,2021-10-30,Afghanistan,6,0,0,31,0
637,2021-10-30,Sweden,1,0,0,8,0
638,2021-10-30,Japan,30,0,0,91,0
639,2021-10-31,Afghanistan,6,0,0,31,0
640,2021-10-31,Sweden,1,0,0,8,0
641,2021-10-31,Japan,30,0,0,91,0
642,2021-11-01,Afghanistan,6,0,0,31,0
643,2021-11-01,Sweden,1,0,0,8,0
644,2021-11-01,Japan,30,0,0,91,0
645,2021-11-02,Afghanistan,6,0,0,31,0
646,2021-11-02,Sweden,1,0,0,8,0
647,2021-11-02,Japan,30,0,0,91,0
648,2021-11-03,Afghanistan,6,0,0,31,0
649,2021-11-03,Sweden,1,0,0,8,0
650,2021-11-03,Japan,30,0,0,91,0
651,2021-11-04,Afghanistan,6,0,0,31,0
652,2021-11-04,Sweden,1,0,0,8,0
653,2021-11-04,Japan,30,0,0,91,0
654,2021-11-05,Afghanistan,6,0,0,31,0
655,2021-11-05,Sweden,1,0,0,8,0
656,2021-11-05,Japan,30,0,0,91,0
657,2021-11-06,Afghanistan,6,0,0,31,0
658,2021-11-06,Sweden,1,0,0,8,0
659,2021-11-06,Japan,30,0,0,91,0
660,2021-11-07,Afghanistan,6,0,0,31,0
661,2021-11-07,Sweden,1,0,0,8,0
662,2021-11-07,Japan,30,0,0,91,0
663,2021-11-08,Afghanistan,6,0,0,31,0
664,2021-11-08,Sweden,1,0,0,8,0
665,2021-11-08,Japan,30,0,0,91,0
666,2021-11-09,Afghanistan,6,0,0,31,0
667,2021-11-09,Sweden,1,0,0,8,0
668,2021-11-09,Japan,30,0,0,91,0
669,2021-11-10,Afghanistan,6,0,0,31,0
670,2021-11-10,Sweden,1,0,0,8,0
671,2021-11-10,Japan,30,0,0,91,0
672,2021-11-11,Afghanistan,6,0,0,31,0
673,2021-11-11,Sweden,1,0,0,8,0
674,2021-11-11,Japan,30,0,0,91,0
675,2021-11-12,Afghanistan,6,0,0,31,0
676,2021-11-12,Sweden,1,0,0,8,0
677,2021-11-12,Japan,30,0,0,91,0
678,2021-11-13,Afghanistan,6,0,0,31,0
679,2021-11-13,Sweden,1,0,0,8,0
680,2021-11-13,Japan,30,0,0,91,0
681,2021-11-14,Afghanistan,6,0,0,31,0
682,2021-11-14,Sweden,1,0,0,8,0
683,2021-11-14,Japan,30,0,0,91,0
684,2021-11-15,Afghanistan,6,0,0,31,0
685,2021-11-15,Sweden,1,0,0,8,0
686,2021-11-15,Japan,30,0,0,91,0
687,2021-11-16,Afghanistan,6,0,0,31,0
688,2021-11-16,Sweden,1,0,0,8,0
689,2021-11-16,Japan,30,0,0,91,0
690,2021-11-17,Afghanistan,6,0,0,31,0
691,2021-11-17,Sweden,1,0,0,8,0
692,2021-11-17,Japan,30,0,0,91,0
693,2021-11-18,Afghanistan,6,0,0,31,0
694,2021-11-18,Sweden,1,0,0,8,0
695,2021-11-18,Japan,30,0,0,91,0
696,2021-11-19,Afghanistan,6,0,0,31,0
697,2021-11-19,Sweden,1,0,0,8,0
698,2021-11-19,Japan,30,0,0,91,0
699,2021-11-20,Afghanistan,6,0,0,31,0
700,2021-11-20,Sweden,1,0,0,8,0
701,2021-11-20,Japan,30,0,0,91,0
702,2021-11-21,Afghanistan,6,0,0,31,0
703,2021-11-21,Sweden,1,0,0,8,0
704,2021-11-21,Japan,30,0,0,91,0
705,2021-11-22,Afghanistan,6,0,0,31,0
706,2021-11-22,Sweden,1,0,0,8,0
707,2021-11-22,Japan,30,0,0,91,0
708,2021-11-23,Afghanistan,6,0,0,31,0
709,2021-11-23,Sweden,1,0,0,8,0
710,2021-11-23,Japan,30,0,0,91,0
711,2021-11-24,Afghanistan,6,0,0,31,0
712,2021-11-24,Sweden,1,0,0,8,0
713,2021-11-24,Japan,30,0,0,91,0
714,2021-11-25,Afghanistan,6,0,0,31,0
715,2021-11-25,Sweden,1,0,0,8,0
716,2021-11-25,Japan,30,0,0,91,0
717,2021-11-26,Afghanistan,6,0,0,31,0
718,2021-11-26,Sweden,1,0,0,8,0
719,2021-11-26,Japan,30,0,0,91,0
720,2021-11-27,Afghanistan,6,0,0,31,0
721,2021-11-27,Sweden,1,0,0,8,0
722,2021-11-27,Japan,30,0,0,91,0
723,2021-11-28,Afghanistan,6,0,0,31,0
724,2021-11-28,Sweden,1,0,0,8,0
725,2021-11-28,Japan,30,0,0,91,0
726,2021-11-29,Afghanistan,6,0,0,31,0
727,2021-11-29,Sweden,1,0,0,8,0
728,2021-11-29,Japan,30,0,0,91,0
729,2021-11-30,Afghanistan,6,0,0,31,0
730,2021-11-30,Sweden,1,0,0,8,0
731,2021-11-30,Japan,30,0,0,91,0
732,2021-12-01,Afghanistan,6,0,0,31,0
733,2021-12-01,Sweden,1,0,0,8,0
734,2021-12-01,Japan,30,0,0,91,0
735,2021-12-02,Afghanistan,6,0,0,31,0
736,2021-12-02,Sweden,1,0,0,8,0
737,2021-12-02,Japan,30,0,0,91,0
738,2021-12-03,Afghanistan,6,0,0,31,0
739,2021-12-03,Sweden,1,0,0,8,0
740,2021-12-03,Japan,30,0,0,91,0
741,2021-12-04,Afghanistan,6,0,0,31,0
742,2021-12-04,Sweden,1,0,0,8,0
743,2021-12-04,Japan,30,0,0,91,0
744,2021-12-05,Afghanistan,6,0,0,31,0
745,2021-12-05,Sweden,1,0,0,8,0
746,2021-12-05,Japan,30,0,0,91,0
747,2021-12-06,Afghanistan,6,0,0,31,0
748,2021-12-06,Sweden,1,0,0,8,0
749,2021-12-06,Japan,30,0,0,91,0
750,2021-12-07,Afghanistan,6,0,0,31,0
751,2021-12-07,Sweden,1,1,0,7,0
752,2021-12-07,Japan,30,4,0,87,0
753,2021-12-08,Afghanistan,6,1,0,30,0
754,2021-12-08,Sweden,1,1,0,7,0
755,2021-12-08,Japan,30,4,1,86,0
756,2021-12-09,Afghanistan,6,2,0,29,0
757,2021-12-09,Sweden,1,0,1,7,0
758,2021-12-09,Japan,30,7,2,82,0
759,2021-12-10,Afghanistan,6,2,1,28,0
760,2021-12-10,Sweden,1,0,1,7,0
761,2021-12-10,Japan,30,7,5,79,0
762,2021-12-11,Afghanistan,6,4,1,26,0
763,2021-12-11,Sweden,1,0,1,7,0
764,2021-12-11,Japan,30,8,9,74,0
765,2021-12-12,Afghanistan,6,4,2,25,0
766,2021-12-12,Sweden,1,1,1,6,0
767,2021-12-12,Japan,30,8,11,72,0
768,2021-12-13,Afghanistan,6,3,4,24,0
769,2021-12-13,Sweden,1,2,0,5,1
770,2021-12-13,Japan,30,8,12,71,0
771,2021-12-14,Afghanistan,6,3,4,23,1
772,2021-12-14,Sweden,1,2,0,5,1
773,2021-12-14,Japan,30,10,11,69,1
774,2021-12-15,Afghanistan,6,2,5,23,1
775,2021-12-15,Sweden,1,1,1,5,1
776,2021-12-15,Japan,30,8,9,73,1
777,2021-12-16,Afghanistan,6,1,5,23,2
778,2021-12-16,Sweden,1,0,2,5,1
779,2021-12-16,Japan,30,8,8,73,2
780,2021-12-17,Afghanistan,6,1,3,25,2
781,2021-12-17,Sweden,1,0,2,5,1
782,2021-12-17,Japan,30,10,7,70,4
783,2021-12-18,Afghanistan,6,0,3,26,2
784,2021-12-18,Sweden,1,1,2,4,1
785,2021-12-18,Japan,30,9,6,71,5
786,2021-12-19,Afghanistan,6,0,2,27,2
787,2021-12-19,Sweden,1,1,1,5,1
788,2021-12-19,Japan,30,6,7,72,6
789,2021-12-20,Afghanistan,6,0,1,27,3
790,2021-12-20,Sweden,1,1,0,5,2
791,2021-12-20,Japan,30,6,5,72,8
792,2021-12-21,Afghanistan,6,1,1,26,3
793,2021-12-21,Sweden,1,2,0,4,2
794,2021-12-21,Japan,30,9,6,68,8
795,2021-12-22,Afghanistan,6,1,0,26,4
796,2021-12-22,Sweden,1,1,1,4,2
797,2021-12-22,Japan,30,9,8,66,8
798,2021-12-23,Afghanistan,6,7,0,20,4
799,2021-12-23,Sweden,1,1,2,3,2
800,2021-12-23,Japan,30,12,7,63,9
801,2021-12-24,Afghanistan,6,6,1,20,4
802,2021-12-24,Sweden,1,1,2,3,2
803,2021-12-24,Japan,30,13,11,58,9
804,2021-12-25,Afghanistan,6,7,1,19,4
805,2021-12-25,Sweden,1,0,3,3,2
806,2021-12-25,Japan,30,15,12,54,10
807,2021-12-26,Afghanistan,6,5,3,19,4
808,2021-12-26,Sweden,1,0,2,4,2
809,2021-12-26,Japan,30,12,17,51,11
810,2021-12-27,Afghanistan,6,6,3,18,4
811,2021-12-27,Sweden,1,0,1,5,2
812,2021-12-27,Japan,30,14,17,48,12
813,2021-12-28,Afghanistan,6,6,3,18,4
814,2021-12-28,Sweden,1,0,1,5,2
815,2021-12-28,Japan,30,13,18,47,13
816,2021-12-29,Afghanistan,6,8,4,15,4
817,2021-12-29,Sweden,1,0,0,6,2
818,2021-12-29,Japan,30,6,22,49,14
819,2021-12-30,Afghanistan,7,9,3,15,3
820,2021-12-30,Sweden,1,0,0,6,2
821,2021-12-30,Japan,30,3,17,54,17
822,2021-12-31,Afghanistan,7,6,8,13,3
823,2021-12-31,Sweden,1,0,0,6,2
824,2021-12-31,Japan,32,3,15,56,15
825,2022-01-01,Afghanistan,7,5,8,13,4
826,2022-01-01,Sweden,1,0,0,6,2
827,2022-01-01,Japan,32,3,11,56,19
828,2022-01-02,Afghanistan,7,2,10,14,4
829,2022-01-02,Sweden,1,0,0,6,2
830,2022-01-02,Japan,32,2,6,60,21
831,2022-01-03,Afghanistan,7,2,9,15,4
832,2022-01-03,Sweden,1,0,0,7,1
833,2022-01-03,Japan,33,1,4,63,20
834,2022-01-04,Afghanistan,7,2,5,17,6
835,2022-01-04,Sweden,1,0,0,7,1
836,2022-01-04,Japan,33,3,4,61,20
837,2022-01-05,Afghanistan,7,2,4,19,5
838,2022-01-05,Sweden,1,0,0,7,1
839,2022-01-05,Japan,33,3,5,60,20
840,2022-01-06,Afghanistan,7,1,2,20,7
841,2022-01-06,Sweden,1,0,0,7,1
842,2022-01-06,Japan,34,5,3,59,20
843,2022-01-07,Afghanistan,7,1,2,20,7
844,2022-01-07,Sweden,1,0,0,7,1
845,2022-01-07,Japan,34,9,3,55,20
846,2022-01-08,Afghanistan,7,1,2,20,7
847,2022-01-08,Sweden,1,0,0,7,1
848,2022-01-08,Japan,34,11,5,52,19
849,2022-01-09,Afghanistan,7,1,3,19,7
850,2022-01-09,Sweden,1,0,0,7,1
851,2022-01-09,Japan,34,9,5,53,20
852,2022-01-10,Afghanistan,7,1,2,20,7
853,2022-01-10,Sweden,2,0,0,7,0
854,2022-01-10,Japan,35,6,9,52,19
855,2022-01-11,Afghanistan,7,3,2,19,6
856,2022-01-11,Sweden,2,1,0,6,0
857,2022-01-11,Japan,36,3,13,52,17
858,2022-01-12,Afghanistan,7,3,2,18,7
859,2022-01-12,Sweden,2,1,0,6,0
860,2022-01-12,Japan,37,3,11,53,17
861,2022-01-13,Afghanistan,7,1,3,19,7
862,2022-01-13,Sweden,2,1,0,6,0
863,2022-01-13,Japan,39,1,11,55,15
864,2022-01-14,Afghanistan,7,0,4,19,7
865,2022-01-14,Sweden,2,1,0,6,0
866,2022-01-14,Japan,39,1,8,56,17
867,2022-01-15,Afghanistan,8,0,4,19,6
868,2022-01-15,Sweden,2,1,0,6,0
869,2022-01-15,Japan,40,2,3,61,15
870,2022-01-16,Afghanistan,8,0,3,19,7
871,2022-01-16,Sweden,2,2,0,5,0
872,2022-01-16,Japan,40,3,3,63,12
873,2022-01-17,Afghanistan,8,0,1,21,7
874,2022-01-17,Sweden,2,2,0,5,0
875,2022-01-17,Japan,40,2,2,64,13
876,2022-01-18,Afghanistan,8,0,0,23,6
877,2022-01-18,Sweden,2,2,0,5,0
878,2022-01-18,Japan,40,3,1,64,13
879,2022-01-19,Afghanistan,8,0,0,23,6
880,2022-01-19,Sweden,2,2,0,5,0
881,2022-01-19,Japan,40,1,3,64,13
882,2022-01-20,Afghanistan,8,0,0,25,4
883,2022-01-20,Sweden,2,1,1,5,0
884,2022-01-20,Japan,40,0,4,65,12
885,2022-01-21,Afghanistan,8,0,0,25,4
886,2022-01-21,Sweden,2,0,2,5,0
887,2022-01-21,Japan,40,0,3,66,12
888,2022-01-22,Afghanistan,8,0,0,25,4
889,2022-01-22,Sweden,2,0,2,5,0
890,2022-01-22,Japan,40,0,3,66,12
891,2022-01-23,Afghanistan,8,0,0,25,4
892,2022-01-23,Sweden,2,0,2,5,0
893,2022-01-23,Japan,41,0,1,69,10
894,2022-01-24,Afghanistan,8,0,0,25,4
895,2022-01-24,Sweden,2,0,1,6,0
896,2022-01-24,Japan,41,0,0,69,11
897,2022-01-25,Afghanistan,8,0,0,25,4
898,2022-01-25,Sweden,2,0,0,6,1
899,2022-01-25,Japan,41,0,0,69,11
900,2022-01-26,Afghanistan,9,0,0,25,3
901,2022-01-26,Sweden,2,0,0,6,1
902,2022-01-26,Japan,41,0,0,70,10
903,2022-01-27,Afghanistan,9,0,0,25,3
904,2022-01-27,Sweden,2,0,0,6,1
905,2022-01-27,Japan,41,0,0,72,8
906,2022-01-28,Afghanistan,9,0,0,25,3
907,2022-01-28,Sweden,2,0,0,6,1
908,2022-01-28,Japan,42,0,0,73,6
909,2022-01-29,Afghanistan,9,0,0,25,3
910,2022-01-29,Sweden,2,0,0,6,1
911,2022-01-29,Japan,43,0,0,75,3
912,2022-01-30,Afghanistan,9,0,0,26,2
913,2022-01-30,Sweden,2,0,0,6,1
914,2022-01-30,Japan,43,0,0,75,3
915,2022-01-31,Afghanistan,9,0,0,27,1
916,2022-01-31,Sweden,2,0,0,6,1
917,2022-01-31,Japan,43,0,0,77,1
918,2022-02-01,Afghanistan,9,0,0,28,0
919,2022-02-01,Sweden,2,0,0,6,1
920,2022-02-01,Japan,43,0,0,77,1
921,2022-02-02,Afghanistan,9,0,0,28,0
922,2022-02-02,Sweden,2,0,0,6,1
923,2022-02-02,Japan,43,0,0,77,1
924,2022-02-03,Afghanistan,9,0,0,28,0
925,2022-02-03,Sweden,2,0,0,6,1
926,2022-02-03,Japan,43,0,0,77,1
927,2022-02-04,Afghanistan,9,0,0,28,0
928,2022-02-04,Sweden,2,0,0,6,1
929,2022-02-04,Japan,43,0,0,77,1
930,2022-02-05,Afghanistan,9,0,0,28,0
931,2022-02-05,Sweden,2,0,0,6,1
932,2022-02-05,Japan,43,0,0,77,1
933,2022-02-06,Afghanistan,9,0,0,28,0
934,2022-02-06,Sweden,2,0,0,6,1
935,2022-02-06,Japan,43,0,0,77,1
936,2022-02-07,Afghanistan,9,0,0,28,0
937,2022-02-07,Sweden,2,0,0,6,1
938,2022-02-07,Japan,43,0,0,78,0
939,2022-02-08,Afghanistan,9,0,0,28,0
940,2022-02-08,Sweden,2,0,0,7,0
941,2022-02-08,Japan,43,0,0,78,0
942,2022-02-09,Afghanistan,9,0,0,28,0
943,2022-02-09,Sweden,2,0,0,7,0
944,2022-02-09,Japan,43,0,0,78,0
945,2022-02-10,Afghanistan,9,0,0,28,0
946,2022-02-10,Sweden,2,0,0,7,0
947,2022-02-10,Japan,43,0,0,78,0
948,2022-02-11,Afghanistan,9,0,0,28,0
949,2022-02-11,Sweden,2,0,0,7,0
950,2022-02-11,Japan,43,0,0,78,0
951,2022-02-12,Afghanistan,9,0,0,28,0
952,2022-02-12,Sweden,2,0,0,7,0
953,2022-02-12,Japan,43,0,0,78,0
954,2022-02-13,Afghanistan,9,0,0,28,0
955,2022-02-13,Sweden,2,0,0,7,0
956,2022-02-13,Japan,43,0,0,78,0
957,2022-02-14,Afghanistan,9,0,0,28,0
958,2022-02-14,Sweden,2,0,0,7,0
959,2022-02-14,Japan,43,0,0,78,0
960,2022-02-15,Afghanistan,9,0,0,28,0
961,2022-02-15,Sweden,2,0,0,7,0
962,2022-02-15,Japan,43,0,0,78,0
963,2022-02-16,Afghanistan,9,0,0,28,0
964,2022-02-16,Sweden,2,0,0,7,0
965,2022-02-16,Japan,43,0,0,78,0
966,2022-02-17,Afghanistan,9,0,0,28,0
967,2022-02-17,Sweden,2,0,0,7,0
968,2022-02-17,Japan,43,0,0,78,0
969,2022-02-18,Afghanistan,9,0,0,28,0
970,2022-02-18,Sweden,2,0,0,7,0
971,2022-02-18,Japan,43,0,0,78,0
972,2022-02-19,Afghanistan,9,0,0,28,0
973,2022-02-19,Sweden,2,0,0,7,0
974,2022-02-19,Japan,43,0,0,78,0
975,2022-02-20,Afghanistan,9,0,0,28,0
976,2022-02-20,Sweden,2,0,0,7,0
977,2022-02-20,Japan,43,0,0,78,0
978,2022-02-21,Afghanistan,9,0,0,28,0
979,2022-02-21,Sweden,2,0,0,7,0
980,2022-02-21,Japan,43,0,0,78,0
981,2022-02-22,Afghanistan,9,0,0,28,0
982,2022-02-22,Sweden,2,0,0,7,0
983,2022-02-22,Japan,43,0,0,78,0
984,2022-02-23,Afghanistan,9,0,0,28,0
985,2022-02-23,Sweden,2,0,0,7,0
986,2022-02-23,Japan,43,0,0,78,0
987,2022-02-24,Afghanistan,9,0,0,28,0
988,2022-02-24,Sweden,2,0,0,7,0
989,2022-02-24,Japan,43,0,0,78,0
990,2022-02-25,Afghanistan,9,0,0,28,0
991,2022-02-25,Sweden,2,0,0,7,0
992,2022-02-25,Japan,43,0,0,78,0
993,2022-02-26,Afghanistan,9,0,0,28,0
994,2022-02-26,Sweden,2,0,0,7,0
995,2022-02-26,Japan,43,0,0,78,0
996,2022-02-27,Afghanistan,9,0,0,28,0
997,2022-02-27,Sweden,2,0,0,7,0
998,2022-02-27,Japan,43,0,0,78,0
999,2022-02-28,Afghanistan,9,0,0,28,0
1000,2022-02-28,Sweden,2,0,0,7,0
1001,2022-02-28,Japan,43,0,0,78,0
1002,2022-03-01,Afghanistan,9,0,0,28,0
1003,2022-03-01,Sweden,2,0,0,7,0
1004,2022-03-01,Japan,43,0,0,78,0
1005,2022-03-02,Afghanistan,9,0,0,28,0
1006,2022-03-02,Sweden,2,0,0,7,0
1007,2022-03-02,Japan,43,0,0,78,0
1008,2022-03-03,Afghanistan,9,0,0,28,0
1009,2022-03-03,Sweden,2,0,0,7,0
1010,2022-03-03,Japan,43,0,0,78,0
1011,2022-03-04,Afghanistan,9,0,0,28,0
1012,2022-03-04,Sweden,2,0,0,7,0
1013,2022-03-04,Japan,43,0,0,78,0
1014,2022-03-05,Afghanistan,9,0,0,28,0
1015,2022-03-05,Sweden,2,0,0,7,0
1016,2022-03-05,Japan,43,0,0,78,0
1017,2022-03-06,Afghanistan,9,0,0,28,0
1018,2022-03-06,Sweden,2,0,0,7,0
1019,2022-03-06,Japan,43,0,0,78,0
1020,2022-03-07,Afghanistan,9,0,0,28,0
1021,2022-03-07,Sweden,2,0,0,7,0
1022,2022-03-07,Japan,43,0,0,78,0
1023,2022-03-08,Afghanistan,9,0,0,28,0
1024,2022-03-08,Sweden,2,0,0,7,0
1025,2022-03-08,Japan,43,0,0,78,0
1026,2022-03-09,Afghanistan,9,0,0,28,0
1027,2022-03-09,Sweden,2,0,0,7,0
1028,2022-03-09,Japan,43,0,0,78,0
1029,2022-03-10,Afghanistan,9,0,0,28,0
1030,2022-03-10,Sweden,2,0,0,7,0
1031,2022-03-10,Japan,43,0,0,78,0
1032,2022-03-11,Afghanistan,9,0,0,28,0
1033,2022-03-11,Sweden,2,0,0,7,0
1034,2022-03-11,Japan,43,0,0,78,0
1035,2022-03-12,Afghanistan,9,0,0,28,0
1036,2022-03-12,Sweden,2,0,0,7,0
1037,2022-03-12,Japan,43,0,0,78,0
1038,2022-03-13,Afghanistan,9,0,0,28,0
1039,2022-03-13,Sweden,2,0,0,7,0
1040,2022-03-13,Japan,43,0,0,78,0
1041,2022-03-14,Afghanistan,9,0,0,28,0
1042,2022-03-14,Sweden,2,0,0,7,0
1043,2022-03-14,Japan,43,0,0,78,0
1044,2022-03-15,Afghanistan,9,0,0,28,0
1045,2022-03-15,Sweden,2,0,0,7,0
1046,2022-03-15,Japan,43,0,0,78,0
1047,2022-03-16,Afghanistan,9,0,0,28,0
1048,2022-03-16,Sweden,2,0,0,7,0
1049,2022-03-16,Japan,43,0,0,78,0
1050,2022-03-17,Afghanistan,9,0,0,28,0
1051,2022-03-17,Sweden,2,0,0,7,0
1052,2022-03-17,Japan,43,0,0,78,0
1053,2022-03-18,Afghanistan,9,0,0,28,0
1054,2022-03-18,Sweden,2,0,0,7,0
1055,2022-03-18,Japan,43,0,0,78,0
1056,2022-03-19,Afghanistan,9,0,0,28,0
1057,2022-03-19,Sweden,2,0,0,7,0
1058,2022-03-19,Japan,43,0,0,78,0
1059,2022-03-20,Afghanistan,9,0,0,28,0
1060,2022-03-20,Sweden,2,0,0,7,0
1061,2022-03-20,Japan,43,0,0,78,0
1062,2022-03-21,Afghanistan,9,0,0,28,0
1063,2022-03-21,Sweden,2,0,0,7,0
1064,2022-03-21,Japan,43,0,0,78,0
1065,2022-03-22,Afghanistan,9,0,0,28,0
1066,2022-03-22,Sweden,2,0,0,7,0
1067,2022-03-22,Japan,43,0,0,78,0
1068,2022-03-23,Afghanistan,9,0,0,28,0
1069,2022-03-23,Sweden,2,0,0,7,0
1070,2022-03-23,Japan,43,0,0,78,0
1071,2022-03-24,Afghanistan,9,0,0,28,0
1072,2022-03-24,Sweden,2,0,0,7,0
1073,2022-03-24,Japan,43,0,0,78,0
1074,2022-03-25,Afghanistan,9,0,0,28,0
1075,2022-03-25,Sweden,2,0,0,7,0
1076,2022-03-25,Japan,43,0,0,78,0
1077,2022-03-26,Afghanistan,9,0,0,28,0
1078,2022-03-26,Sweden,2,0,0,7,0
1079,2022-03-26,Japan,43,0,0,78,0
1080,2022-03-27,Afghanistan,9,0,0,28,0
1081,2022-03-27,Sweden,2,0,0,7,0
1082,2022-03-27,Japan,43,0,0,78,0
1083,2022-03-28,Afghanistan,9,0,0,28,0
1084,2022-03-28,Sweden,2,0,0,7,0
1085,2022-03-28,Japan,43,0,0,78,0
1086,2022-03-29,Afghanistan,9,0,0,28,0
1087,2022-03-29,Sweden,2,0,0,7,0
1088,2022-03-29,Japan,43,0,0,78,0
1089,2022-03-30,Afghanistan,9,0,0,28,0
1090,2022-03-30,Sweden,2,0,0,7,0
1091,2022-03-30,Japan,43,0,0,78,0
1092,2022-03-31,Afghanistan,9,0,0,28,0
1093,2022-03-31,Sweden,2,0,0,7,0
1094,2022-03-31,Japan,43,0,0,78,0
1095,2022-04-01,Afghanistan,9,0,0,28,0
1096,2022-04-01,Sweden,2,0,0,7,0
1097,2022-04-01,Japan,43,0,0,78,0
1098,2022-04-02,Afghanistan,9,0,0,28,0
1099,2022-04-02,Sweden,2,0,0,7,0
1100,2022-04-02,Japan,43,0,0,78,0
1101,2022-04-03,Afghanistan,9,0,0,28,0
1102,2022-04-03,Sweden,2,0,0,7,0
1103,2022-04-03,Japan,43,0,0,78,0
1104,2022-04-04,Afghanistan,9,0,0,28,0
1105,2022-04-04,Sweden,2,0,0,7,0
1106,2022-04-04,Japan,43,0,0,78,0
1107,2022-04-05,Afghanistan,9,0,0,28,0
1108,2022-04-05,Sweden,2,0,0,7,0
1109,2022-04-05,Japan,43,0,0,78,0
1110,2022-04-06,Afghanistan,9,0,0,28,0
1111,2022-04-06,Sweden,2,0,0,7,0
1112,2022-04-06,Japan,43,0,0,78,0
1113,2022-04-07,Afghanistan,9,0,0,28,0
1114,2022-04-07,Sweden,2,0,0,7,0
1115,2022-04-07,Japan,43,0,0,78,0
1116,2022-04-08,Afghanistan,9,0,0,28,0
1117,2022-04-08,Sweden,2,0,0,7,0
1118,2022-04-08,Japan,43,0,0,78,0
1119,2022-04-09,Afghanistan,9,0,0,28,0
1120,2022-04-09,Sweden,2,0,0,7,0
1121,2022-04-09,Japan,43,0,0,78,0
1122,2022-04-10,Afghanistan,9,0,0,28,0
1123,2022-04-10,Sweden,2,0,0,7,0
1124,2022-04-10,Japan,43,0,0,78,0
1125,2022-04-11,Afghanistan,9,0,0,28,0
1126,2022-04-11,Sweden,2,0,0,7,0
1127,2022-04-11,Japan,43,1,0,77,0
1128,2022-04-12,Afghanistan,9,0,0,28,0
1129,2022-04-12,Sweden,2,0,0,7,0
1130,2022-04-12,Japan,43,1,1,76,0
1131,2022-04-13,Afghanistan,9,0,0,28,0
1132,2022-04-13,Sweden,2,0,0,7,0
1133,2022-04-13,Japan,43,3,1,74,0
1134,2022-04-14,Afghanistan,9,0,0,28,0
1135,2022-04-14,Sweden,2,0,0,7,0
1136,2022-04-14,Japan,43,7,1,70,0
1137,2022-04-15,Afghanistan,9,0,0,28,0
1138,2022-04-15,Sweden,2,0,0,7,0
1139,2022-04-15,Japan,43,8,2,68,0
1140,2022-04-16,Afghanistan,9,2,0,26,0
1141,2022-04-16,Sweden,2,0,0,7,0
1142,2022-04-16,Japan,43,6,3,69,0
1143,2022-04-17,Afghanistan,9,3,0,25,0
1144,2022-04-17,Sweden,2,0,0,7,0
1145,2022-04-17,Japan,43,6,4,68,0
1146,2022-04-18,Afghanistan,9,2,2,24,0
1147,2022-04-18,Sweden,2,1,0,6,0
1148,2022-04-18,Japan,43,6,5,67,0
1149,2022-04-19,Afghanistan,9,2,2,24,0
1150,2022-04-19,Sweden,2,0,1,6,0
1151,2022-04-19,Japan,43,4,6,68,0
1152,2022-04-20,Afghanistan,9,2,2,24,0
1153,2022-04-20,Sweden,2,0,1,6,0
1154,2022-04-20,Japan,43,5,4,68,1
1155,2022-04-21,Afghanistan,9,1,3,24,0
1156,2022-04-21,Sweden,2,0,1,6,0
1157,2022-04-21,Japan,43,4,5,68,1
1158,2022-04-22,Afghanistan,9,1,1,25,1
1159,2022-04-22,Sweden,2,0,1,6,0
1160,2022-04-22,Japan,43,5,5,66,2
1161,2022-04-23,Afghanistan,9,1,1,25,1
1162,2022-04-23,Sweden,2,0,0,6,1
1163,2022-04-23,Japan,43,5,3,68,2
1164,2022-04-24,Afghanistan,9,1,1,25,1
1165,2022-04-24,Sweden,2,0,0,6,1
1166,2022-04-24,Japan,43,4,5,67,2
1167,2022-04-25,Afghanistan,9,1,0,26,1
1168,2022-04-25,Sweden,2,1,0,5,1
1169,2022-04-25,Japan,43,4,5,65,4
1170,2022-04-26,Afghanistan,9,0,1,26,1
1171,2022-04-26,Sweden,2,2,0,4,1
1172,2022-04-26,Japan,43,5,4,64,5
1173,2022-04-27,Afghanistan,9,1,1,25,1
1174,2022-04-27,Sweden,2,1,1,4,1
1175,2022-04-27,Japan,43,5,7,61,5
1176,2022-04-28,Afghanistan,9,0,2,25,1
1177,2022-04-28,Sweden,2,2,1,3,1
1178,2022-04-28,Japan,43,7,5,60,6
1179,2022-04-29,Afghanistan,9,2,2,23,1
1180,2022-04-29,Sweden,2,0,3,3,1
1181,2022-04-29,Japan,43,10,5,55,8
1182,2022-04-30,Afghanistan,9,2,1,23,2
1183,2022-04-30,Sweden,2,0,3,3,1
1184,2022-04-30,Japan,43,8,9,53,8
